idPostalCode;idLocalWarehouse
20-001;1
20-002;1
20-003;1
20-004;1
20-005;1
20-006;1
20-007;1
20-008;1
20-009;1
20-010;1
20-011;1
20-012;1
20-013;1
20-014;1
20-015;1
20-016;1
20-017;1
20-018;1
20-019;1
20-020;1
20-021;1
20-022;1
20-023;1
20-024;1
20-025;1
20-026;1
20-027;1
20-028;1
20-029;1
20-030;1
20-031;1
20-032;1
20-033;1
20-034;1
20-035;1
20-036;1
20-037;1
20-038;1
20-039;1
20-040;1
20-041;1
20-042;1
20-043;1
20-044;1
20-045;1
20-046;1
20-047;1
20-048;1
20-049;1
20-050;1
20-051;1
20-052;1
20-053;1
20-054;1
20-055;1
20-056;1
20-057;1
20-058;1
20-059;1
20-060;1
20-061;1
20-064;1
20-066;1
20-067;1
20-068;1
20-069;1
20-070;1
20-071;1
20-072;1
20-073;1
20-074;1
20-075;1
20-076;1
20-077;1
20-078;1
20-079;1
20-080;1
20-081;1
20-082;1
20-083;1
20-084;1
20-085;1
20-086;1
20-087;1
20-088;1
20-089;1
20-090;1
20-092;1
20-093;1
20-094;1
20-095;1
20-097;1
20-100;1
20-101;1
20-102;1
20-103;1
20-104;1
20-105;1
20-106;1
20-107;1
20-108;1
20-109;1
20-110;1
20-111;1
20-112;1
20-113;1
20-114;1
20-115;1
20-116;1
20-117;1
20-118;1
20-119;1
20-120;1
20-121;1
20-122;1
20-123;1
20-124;1
20-125;1
20-126;1
20-127;1
20-128;1
20-129;1
20-130;1
20-132;1
20-133;1
20-134;1
20-135;1
20-136;1
20-137;1
20-138;1
20-139;1
20-140;1
20-141;1
20-142;1
20-143;1
20-144;1
20-145;1
20-146;1
20-147;1
20-148;1
20-149;1
20-150;1
20-151;1
20-152;1
20-153;1
20-154;1
20-155;1
20-160;1
20-201;1
20-202;1
20-203;1
20-204;1
20-205;1
20-207;1
20-208;1
20-209;1
20-210;1
20-211;1
20-212;1
20-213;1
20-214;1
20-215;1
20-216;1
20-217;1
20-218;1
20-219;1
20-220;1
20-221;1
20-222;1
20-223;1
20-224;1
20-225;1
20-226;1
20-227;1
20-228;1
20-229;1
20-230;1
20-231;1
20-232;1
20-233;1
20-234;1
20-235;1
20-240;1
20-241;1
20-243;1
20-244;1
20-245;1
20-246;1
20-247;1
20-248;1
20-249;1
20-250;1
20-251;1
20-252;1
20-253;1
20-254;1
20-255;1
20-256;1
20-257;1
20-258;1
20-259;1
20-260;1
20-262;1
20-270;1
20-278;1
20-279;1
20-280;1
20-281;1
20-282;1
20-283;1
20-290;1
20-301;1
20-302;1
20-303;1
20-304;1
20-305;1
20-306;1
20-307;1
20-309;1
20-310;1
20-311;1
20-313;1
20-314;1
20-315;1
20-316;1
20-317;1
20-318;1
20-319;1
20-320;1
20-321;1
20-322;1
20-323;1
20-324;1
20-325;1
20-326;1
20-327;1
20-328;1
20-329;1
20-330;1
20-331;1
20-333;1
20-334;1
20-335;1
20-336;1
20-337;1
20-338;1
20-340;1
20-341;1
20-342;1
20-343;1
20-344;1
20-346;1
20-347;1
20-348;1
20-349;1
20-350;1
20-351;1
20-352;1
20-353;1
20-354;1
20-355;1
20-356;1
20-357;1
20-358;1
20-359;1
20-360;1
20-361;1
20-362;1
20-363;1
20-364;1
20-365;1
20-366;1
20-367;1
20-368;1
20-369;1
20-370;1
20-371;1
20-372;1
20-373;1
20-374;1
20-375;1
20-376;1
20-377;1
20-378;1
20-379;1
20-380;1
20-381;1
20-382;1
20-383;1
20-384;1
20-385;1
20-386;1
20-387;1
20-388;1
20-390;1
20-391;1
20-400;1
20-401;1
20-402;1
20-403;1
20-404;1
20-405;1
20-406;1
20-407;1
20-408;1
20-409;1
20-410;1
20-411;1
20-412;1
20-413;1
20-414;1
20-415;1
20-416;1
20-417;1
20-418;1
20-420;1
20-421;1
20-422;1
20-423;1
20-424;1
20-425;1
20-426;1
20-427;1
20-429;1
20-430;1
20-431;1
20-432;1
20-433;1
20-434;1
20-435;1
20-436;1
20-437;1
20-439;1
20-440;1
20-441;1
20-442;1
20-443;1
20-444;1
20-445;1
20-446;1
20-447;1
20-448;1
20-449;1
20-450;1
20-451;1
20-452;1
20-453;1
20-454;1
20-455;1
20-456;1
20-457;1
20-458;1
20-459;1
20-460;1
20-461;1
20-462;1
20-463;1
20-464;1
20-465;1
20-466;1
20-467;1
20-468;1
20-469;1
20-470;1
20-471;1
20-472;1
20-473;1
20-474;1
20-479;1
20-481;1
20-482;1
20-483;1
20-484;1
20-485;1
20-486;1
20-487;1
20-488;1
20-489;1
20-490;1
20-491;1
20-492;1
20-500;1
20-501;1
20-502;1
20-504;1
20-506;1
20-508;1
20-509;1
20-510;1
20-515;1
20-516;1
20-517;1
20-518;1
20-520;1
20-521;1
20-522;1
20-523;1
20-524;1
20-525;1
20-530;1
20-531;1
20-532;1
20-533;1
20-534;1
20-535;1
20-536;1
20-537;1
20-538;1
20-539;1
20-540;1
20-541;1
20-542;1
20-543;1
20-550;1
20-551;1
20-552;1
20-553;1
20-554;1
20-555;1
20-560;1
20-561;1
20-562;1
20-563;1
20-564;1
20-570;1
20-571;1
20-572;1
20-573;1
20-574;1
20-575;1
20-576;1
20-577;1
20-578;1
20-579;1
20-580;1
20-581;1
20-590;1
20-601;1
20-602;1
20-603;1
20-604;1
20-605;1
20-606;1
20-607;1
20-608;1
20-609;1
20-610;1
20-611;1
20-612;1
20-613;1
20-614;1
20-615;1
20-616;1
20-617;1
20-618;1
20-619;1
20-620;1
20-621;1
20-624;1
20-625;1
20-626;1
20-627;1
20-628;1
20-629;1
20-630;1
20-631;1
20-632;1
20-633;1
20-634;1
20-635;1
20-636;1
20-637;1
20-639;1
20-640;1
20-701;1
20-703;1
20-704;1
20-705;1
20-706;1
20-707;1
20-708;1
20-709;1
20-710;1
20-711;1
20-712;1
20-713;1
20-714;1
20-715;1
20-716;1
20-717;1
20-718;1
20-719;1
20-721;1
20-722;1
20-723;1
20-724;1
20-725;1
20-726;1
20-727;1
20-728;1
20-729;1
20-730;1
20-731;1
20-732;1
20-733;1
20-734;1
20-735;1
20-736;1
20-737;1
20-738;1
20-739;1
20-750;1
20-751;1
20-780;1
20-781;1
20-782;1
20-783;1
20-784;1
20-785;1
20-786;1
20-787;1
20-788;1
20-789;1
20-801;1
20-802;1
20-803;1
20-804;1
20-805;1
20-806;1
20-807;1
20-808;1
20-809;1
20-810;1
20-811;1
20-812;1
20-813;1
20-814;1
20-815;1
20-816;1
20-817;1
20-818;1
20-819;1
20-820;1
20-822;1
20-823;1
20-824;1
20-825;1
20-826;1
20-827;1
20-828;1
20-829;1
20-830;1
20-831;1
20-832;1
20-833;1
20-834;1
20-835;1
20-836;1
20-837;1
20-838;1
20-839;1
20-840;1
20-841;1
20-843;1
20-844;1
20-845;1
20-848;1
20-849;1
20-850;1
20-851;1
20-853;1
20-854;1
20-856;1
20-857;1
20-858;1
20-859;1
20-860;1
20-861;1
20-862;1
20-863;1
20-864;1
20-865;1
20-866;1
20-867;1
20-868;1
20-869;1
20-870;1
20-871;1
20-874;1
20-875;1
20-880;1
20-881;1
20-882;1
20-883;1
20-884;1
20-900;1
20-940;1
20-950;1
20-951;1
20-952;1
20-953;1
20-954;1
20-955;1
20-956;1
20-958;1
20-960;1
20-990;1
21-002;1
21-003;1
21-007;1
21-008;1
21-010;1
21-013;1
21-017;1
21-020;1
21-025;1
21-030;1
21-040;1
21-044;1
21-045;1
21-046;1
21-047;1
21-050;1
21-060;1
21-065;1
21-070;1
21-075;1
21-077;1
21-080;1
21-100;1
21-102;1
21-104;1
21-107;1
21-108;1
21-109;1
21-110;1
21-132;1
21-136;1
21-140;1
21-143;1
21-146;1
21-150;1
21-200;1
21-205;1
21-210;1
21-211;1
21-213;1
21-220;1
21-222;1
21-230;1
21-300;1
21-302;1
21-305;1
21-306;1
21-307;1
21-310;1
21-311;1
21-315;1
21-345;1
21-400;1
21-404;1
21-405;1
21-410;1
21-411;1
21-412;1
21-413;1
21-421;1
21-422;1
21-425;1
21-426;1
21-450;1
21-470;1
21-480;1
21-481;1
21-500;1
21-501;1
21-502;1
21-504;1
21-505;1
21-506;1
21-509;1
21-512;1
21-515;1
21-518;1
21-523;1
21-526;1
21-527;1
21-530;1
21-532;1
21-533;1
21-536;1
21-540;1
21-542;1
21-543;1
21-550;1
21-560;1
21-561;1
21-564;1
21-570;1
21-580;1
21-590;1
22-100;1
22-102;1
22-103;1
22-104;1
22-105;1
22-106;1
22-107;1
22-109;1
22-110;1
22-113;1
22-114;1
22-115;1
22-116;1
22-117;1
22-118;1
22-120;1
22-122;1
22-130;1
22-133;1
22-135;1
22-145;1
22-150;1
22-151;1
22-169;1
22-170;1
22-174;1
22-175;1
22-200;1
22-201;1
22-205;1
22-207;1
22-211;1
22-220;1
22-230;1
22-232;1
22-234;1
22-235;1
22-244;1
22-300;1
22-302;1
22-304;1
22-310;1
22-315;1
22-330;1
22-335;1
22-351;1
22-360;1
22-363;1
22-375;1
22-376;1
22-400;1
22-401;1
22-402;1
22-403;1
22-404;1
22-405;1
22-406;1
22-407;1
22-409;1
22-410;1
22-413;1
22-417;1
22-420;1
22-424;1
22-425;1
22-435;1
22-437;1
22-440;1
22-442;1
22-448;1
22-450;1
22-455;1
22-457;1
22-460;1
22-461;1
22-463;1
22-470;1
22-490;1
22-500;1
22-501;1
22-510;1
22-523;1
22-525;1
22-530;1
22-540;1
22-546;1
22-550;1
22-554;1
22-565;1
22-600;1
22-602;1
22-604;1
22-610;1
22-630;1
22-640;1
22-650;1
22-652;1
22-664;1
22-670;1
22-671;1
22-672;1
22-678;1
22-680;1
22-681;1
23-100;2
23-107;2
23-109;2
23-110;2
23-114;2
23-145;2
23-155;2
23-156;2
23-200;2
23-202;2
23-203;2
23-204;2
23-205;2
23-206;2
23-210;2
23-212;2
23-213;2
23-225;2
23-230;2
23-231;2
23-235;2
23-250;2
23-251;2
23-275;2
23-300;2
23-302;2
23-304;2
23-305;2
23-310;2
23-313;2
23-320;2
23-400;2
23-401;2
23-407;2
23-408;2
23-412;2
23-413;2
23-414;2
23-415;2
23-420;2
23-423;2
23-425;2
23-440;2
23-450;2
23-460;2
23-465;2
24-100;2
24-101;2
24-103;2
24-105;2
24-110;2
24-111;2
24-112;2
24-120;2
24-123;2
24-130;2
24-140;2
24-150;2
24-160;2
24-170;2
24-173;2
24-200;2
24-204;2
24-220;2
24-224;2
24-300;2
24-310;2
24-313;2
24-320;2
24-333;2
24-335;2
24-340;2
24-350;2
25-001;3
25-002;3
25-003;3
25-004;3
25-005;3
25-006;3
25-007;3
25-008;3
25-009;3
25-010;3
25-011;3
25-012;3
25-013;3
25-014;3
25-015;3
25-016;3
25-017;3
25-018;3
25-019;3
25-020;3
25-021;3
25-022;3
25-023;3
25-024;3
25-025;3
25-026;3
25-027;3
25-028;3
25-029;3
25-030;3
25-031;3
25-032;3
25-033;3
25-034;3
25-035;3
25-036;3
25-037;3
25-038;3
25-039;3
25-040;3
25-041;3
25-042;3
25-043;3
25-044;3
25-045;3
25-046;3
25-047;3
25-093;3
25-101;3
25-102;3
25-103;3
25-104;3
25-105;3
25-106;3
25-107;3
25-108;3
25-109;3
25-110;3
25-111;3
25-112;3
25-113;3
25-114;3
25-115;3
25-116;3
25-117;3
25-118;3
25-119;3
25-120;3
25-121;3
25-122;3
25-123;3
25-124;3
25-125;3
25-127;3
25-128;3
25-129;3
25-130;3
25-131;3
25-132;3
25-133;3
25-134;3
25-135;3
25-136;3
25-137;3
25-138;3
25-139;3
25-140;3
25-141;3
25-142;3
25-143;3
25-144;3
25-145;3
25-146;3
25-147;3
25-148;3
25-149;3
25-150;3
25-151;3
25-152;3
25-154;3
25-155;3
25-201;3
25-202;3
25-204;3
25-205;3
25-206;3
25-208;3
25-209;3
25-210;3
25-211;3
25-212;3
25-213;3
25-214;3
25-217;3
25-218;3
25-219;3
25-220;3
25-221;3
25-222;3
25-223;3
25-224;3
25-225;3
25-226;3
25-227;3
25-228;3
25-229;3
25-230;3
25-231;3
25-232;3
25-233;3
25-234;3
25-235;3
25-236;3
25-237;3
25-252;3
25-253;3
25-254;3
25-255;3
25-257;3
25-258;3
25-259;3
25-260;3
25-301;3
25-302;3
25-303;3
25-304;3
25-305;3
25-306;3
25-307;3
25-308;3
25-309;3
25-310;3
25-311;3
25-312;3
25-313;3
25-314;3
25-315;3
25-316;3
25-317;3
25-318;3
25-319;3
25-320;3
25-321;3
25-322;3
25-323;3
25-324;3
25-325;3
25-326;3
25-327;3
25-328;3
25-329;3
25-330;3
25-331;3
25-332;3
25-333;3
25-334;3
25-335;3
25-336;3
25-337;3
25-338;3
25-339;3
25-340;3
25-341;3
25-342;3
25-343;3
25-344;3
25-345;3
25-346;3
25-347;3
25-348;3
25-349;3
25-350;3
25-351;3
25-352;3
25-353;3
25-354;3
25-355;3
25-356;3
25-357;3
25-358;3
25-359;3
25-360;3
25-361;3
25-362;3
25-363;3
25-364;3
25-365;3
25-366;3
25-367;3
25-368;3
25-369;3
25-370;3
25-371;3
25-372;3
25-373;3
25-375;3
25-376;3
25-377;3
25-378;3
25-379;3
25-380;3
25-381;3
25-382;3
25-383;3
25-384;3
25-385;3
25-386;3
25-387;3
25-389;3
25-390;3
25-391;3
25-392;3
25-394;3
25-395;3
25-401;3
25-402;3
25-403;3
25-405;3
25-406;3
25-408;3
25-409;3
25-410;3
25-411;3
25-412;3
25-413;3
25-414;3
25-415;3
25-416;3
25-417;3
25-418;3
25-419;3
25-420;3
25-421;3
25-422;3
25-424;3
25-425;3
25-426;3
25-430;3
25-431;3
25-432;3
25-433;3
25-434;3
25-435;3
25-436;3
25-437;3
25-438;3
25-439;3
25-440;3
25-441;3
25-442;3
25-443;3
25-444;3
25-445;3
25-446;3
25-447;3
25-448;3
25-449;3
25-450;3
25-451;3
25-452;3
25-453;3
25-454;3
25-455;3
25-456;3
25-457;3
25-458;3
25-459;3
25-460;3
25-470;3
25-501;3
25-502;3
25-503;3
25-504;3
25-505;3
25-506;3
25-507;3
25-508;3
25-509;3
25-510;3
25-511;3
25-512;3
25-513;3
25-514;3
25-515;3
25-516;3
25-518;3
25-519;3
25-520;3
25-521;3
25-522;3
25-523;3
25-524;3
25-525;3
25-526;3
25-527;3
25-528;3
25-529;3
25-530;3
25-531;3
25-532;3
25-533;3
25-534;3
25-535;3
25-536;3
25-537;3
25-538;3
25-539;3
25-540;3
25-541;3
25-542;3
25-543;3
25-544;3
25-545;3
25-546;3
25-547;3
25-548;3
25-549;3
25-550;3
25-551;3
25-552;3
25-553;3
25-554;3
25-555;3
25-556;3
25-557;3
25-558;3
25-559;3
25-560;3
25-561;3
25-562;3
25-563;3
25-564;3
25-565;3
25-566;3
25-567;3
25-568;3
25-601;3
25-602;3
25-603;3
25-605;3
25-606;3
25-607;3
25-608;3
25-609;3
25-610;3
25-611;3
25-612;3
25-613;3
25-614;3
25-615;3
25-616;3
25-617;3
25-618;3
25-619;3
25-620;3
25-621;3
25-622;3
25-623;3
25-624;3
25-625;3
25-626;3
25-627;3
25-628;3
25-629;3
25-630;3
25-631;3
25-632;3
25-633;3
25-634;3
25-635;3
25-636;3
25-637;3
25-638;3
25-639;3
25-640;3
25-644;3
25-645;3
25-646;3
25-647;3
25-649;3
25-650;3
25-651;3
25-652;3
25-653;3
25-654;3
25-655;3
25-656;3
25-657;3
25-658;3
25-659;3
25-660;3
25-661;3
25-662;3
25-663;3
25-664;3
25-665;3
25-666;3
25-667;3
25-668;3
25-669;3
25-670;3
25-671;3
25-672;3
25-673;3
25-675;3
25-677;3
25-678;3
25-679;3
25-680;3
25-681;3
25-682;3
25-701;3
25-702;3
25-703;3
25-704;3
25-705;3
25-706;3
25-707;3
25-708;3
25-709;3
25-710;3
25-711;3
25-712;3
25-713;3
25-714;3
25-715;3
25-716;3
25-717;3
25-718;3
25-719;3
25-720;3
25-721;3
25-722;3
25-723;3
25-724;3
25-725;3
25-726;3
25-727;3
25-728;3
25-729;3
25-730;3
25-731;3
25-732;3
25-733;3
25-734;3
25-735;3
25-736;3
25-737;3
25-738;3
25-739;3
25-744;3
25-745;3
25-746;3
25-749;3
25-750;3
25-751;3
25-752;3
25-753;3
25-754;3
25-756;3
25-757;3
25-758;3
25-759;3
25-801;3
25-802;3
25-803;3
25-804;3
25-805;3
25-806;3
25-807;3
25-808;3
25-809;3
25-810;3
25-811;3
25-812;3
25-813;3
25-814;3
25-815;3
25-816;3
25-817;3
25-818;3
25-819;3
25-820;3
25-821;3
25-822;3
25-823;3
25-824;3
25-825;3
25-826;3
25-827;3
25-828;3
25-829;3
25-851;3
25-852;3
25-900;3
25-960;3
26-001;3
26-004;3
26-006;3
26-008;3
26-010;3
26-015;3
26-020;3
26-021;3
26-025;3
26-026;3
26-035;3
26-050;3
26-052;3
26-060;3
26-065;3
26-067;3
26-070;3
26-080;3
26-085;3
26-100;3
26-111;3
26-112;3
26-115;3
26-120;3
26-130;3
26-140;3
26-200;3
26-202;3
26-212;3
26-220;3
26-225;3
26-230;3
26-234;3
26-242;3
26-260;3
26-300;3
26-301;3
26-307;3
26-315;3
26-330;3
26-332;3
26-333;3
26-337;3
26-340;3
26-341;3
26-400;3
26-411;3
26-414;3
26-415;3
26-420;3
26-422;3
26-425;3
26-432;3
26-434;3
26-500;3
26-502;3
26-503;3
26-505;3
26-510;3
26-600;3
26-601;3
26-602;3
26-603;3
26-604;3
26-605;3
26-606;3
26-608;3
26-609;3
26-610;3
26-611;3
26-612;3
26-613;3
26-614;3
26-615;3
26-616;3
26-617;3
26-618;3
26-619;3
26-620;3
26-621;3
26-624;3
26-625;3
26-630;3
26-631;3
26-634;3
26-640;3
26-650;3
26-652;3
26-660;3
26-670;3
26-675;3
26-680;3
26-700;3
26-704;3
26-706;3
26-713;3
26-720;3
26-800;3
26-803;3
26-804;3
26-806;3
26-807;3
26-811;3
26-900;3
26-901;3
26-902;3
26-903;3
26-910;3
26-920;3
26-922;3
26-930;3
27-100;4
27-200;4
27-201;4
27-202;4
27-203;4
27-205;4
27-206;4
27-215;4
27-220;4
27-225;4
27-230;4
27-300;4
27-310;4
27-312;4
27-320;4
27-330;4
27-350;4
27-353;4
27-400;4
27-401;4
27-402;4
27-404;4
27-405;4
27-406;4
27-415;4
27-420;4
27-423;4
27-425;4
27-440;4
27-500;4
27-515;4
27-530;4
27-532;4
27-540;4
27-545;4
27-552;4
27-570;4
27-580;4
27-600;4
27-601;4
27-602;4
27-610;4
27-612;4
27-620;4
27-630;4
27-640;4
27-641;4
27-650;4
27-660;4
27-670;4
28-101;4
28-102;4
28-114;4
28-130;4
28-131;4
28-133;4
28-136;4
28-142;4
28-160;4
28-203;4
28-210;4
28-220;4
28-221;4
28-225;4
28-230;4
28-232;4
28-236;4
28-300;4
28-305;4
28-310;4
28-313;4
28-330;4
28-340;4
28-350;4
28-362;4
28-363;4
28-366;4
28-400;4
28-404;4
28-411;4
28-425;4
28-440;4
28-500;4
28-506;4
28-512;4
28-520;4
28-530;4
29-100;4
29-105;4
29-120;4
29-130;4
29-135;4
29-145;4
30-001;6
30-002;6
30-003;6
30-004;6
30-006;6
30-007;6
30-009;6
30-010;6
30-011;6
30-012;6
30-014;6
30-015;6
30-016;6
30-017;6
30-018;6
30-019;6
30-020;6
30-021;6
30-022;6
30-023;6
30-024;6
30-031;6
30-032;6
30-033;6
30-034;6
30-035;6
30-036;6
30-037;6
30-038;6
30-039;6
30-040;6
30-041;6
30-042;6
30-043;6
30-044;6
30-045;6
30-046;6
30-047;6
30-048;6
30-049;6
30-050;6
30-051;6
30-052;6
30-053;6
30-054;6
30-055;6
30-056;6
30-057;6
30-058;6
30-059;6
30-060;6
30-061;6
30-062;6
30-063;6
30-065;6
30-066;6
30-067;6
30-068;6
30-069;6
30-070;6
30-071;6
30-072;6
30-073;6
30-074;6
30-075;6
30-076;6
30-077;6
30-078;6
30-079;6
30-081;6
30-082;6
30-084;6
30-085;6
30-086;6
30-087;6
30-091;6
30-092;6
30-093;6
30-094;6
30-095;6
30-100;6
30-101;6
30-102;6
30-103;6
30-104;6
30-105;6
30-106;6
30-107;6
30-108;6
30-109;6
30-110;6
30-111;6
30-112;6
30-114;6
30-116;6
30-117;6
30-118;6
30-119;6
30-120;6
30-121;6
30-122;6
30-123;6
30-124;6
30-126;6
30-127;6
30-128;6
30-129;6
30-130;6
30-131;6
30-132;6
30-133;6
30-134;6
30-135;6
30-136;6
30-137;6
30-138;6
30-139;6
30-142;6
30-143;6
30-144;6
30-145;6
30-146;6
30-147;6
30-148;6
30-149;6
30-150;6
30-198;6
30-199;6
30-201;6
30-202;6
30-203;6
30-204;6
30-205;6
30-206;6
30-207;6
30-209;6
30-210;6
30-211;6
30-212;6
30-213;6
30-214;6
30-215;6
30-216;6
30-217;6
30-218;6
30-219;6
30-220;6
30-221;6
30-222;6
30-223;6
30-224;6
30-225;6
30-227;6
30-228;6
30-229;6
30-230;6
30-231;6
30-232;6
30-233;6
30-234;6
30-235;6
30-236;6
30-237;6
30-238;6
30-239;6
30-240;6
30-241;6
30-243;6
30-244;6
30-245;6
30-246;6
30-247;6
30-248;6
30-249;6
30-250;6
30-251;6
30-252;6
30-253;6
30-254;6
30-255;6
30-298;6
30-300;6
30-301;6
30-302;6
30-303;6
30-305;6
30-306;6
30-307;6
30-308;6
30-309;6
30-311;6
30-313;6
30-314;6
30-315;6
30-316;6
30-317;6
30-318;6
30-319;6
30-320;6
30-321;6
30-322;6
30-324;6
30-326;6
30-327;6
30-328;6
30-329;6
30-331;6
30-332;6
30-333;6
30-334;6
30-335;6
30-336;6
30-337;6
30-346;6
30-347;6
30-348;6
30-349;6
30-358;6
30-361;6
30-362;6
30-363;6
30-364;6
30-374;6
30-375;6
30-376;6
30-377;6
30-379;6
30-380;6
30-381;6
30-382;6
30-383;6
30-384;6
30-385;6
30-386;6
30-387;6
30-388;6
30-389;6
30-390;6
30-391;6
30-392;6
30-393;6
30-394;6
30-395;6
30-396;6
30-397;6
30-398;6
30-399;6
30-404;6
30-405;6
30-406;6
30-407;6
30-408;6
30-409;6
30-410;6
30-411;6
30-412;6
30-413;6
30-414;6
30-415;6
30-416;6
30-417;6
30-418;6
30-419;6
30-420;6
30-421;6
30-422;6
30-423;6
30-424;6
30-425;6
30-426;6
30-427;6
30-428;6
30-429;6
30-430;6
30-431;6
30-432;6
30-433;6
30-434;6
30-435;6
30-436;6
30-437;6
30-438;6
30-439;6
30-440;6
30-441;6
30-442;6
30-443;6
30-444;6
30-445;6
30-446;6
30-447;6
30-450;6
30-498;6
30-499;6
30-500;6
30-501;6
30-502;6
30-503;6
30-504;6
30-505;6
30-506;6
30-507;6
30-508;6
30-509;6
30-510;6
30-512;6
30-513;6
30-515;6
30-516;6
30-518;6
30-519;6
30-520;6
30-521;6
30-522;6
30-523;6
30-524;6
30-525;6
30-526;6
30-527;6
30-528;6
30-529;6
30-530;6
30-531;6
30-532;6
30-533;6
30-534;6
30-535;6
30-536;6
30-537;6
30-538;6
30-539;6
30-540;6
30-542;6
30-543;6
30-544;6
30-545;6
30-546;6
30-547;6
30-548;6
30-549;6
30-550;6
30-551;6
30-552;6
30-553;6
30-554;6
30-555;6
30-556;6
30-557;6
30-559;6
30-560;6
30-563;6
30-564;6
30-565;6
30-566;6
30-568;6
30-570;6
30-571;6
30-572;6
30-601;6
30-602;6
30-603;6
30-604;6
30-605;6
30-606;6
30-607;6
30-608;6
30-609;6
30-610;6
30-611;6
30-612;6
30-613;6
30-614;6
30-616;6
30-617;6
30-619;6
30-620;6
30-621;6
30-622;6
30-623;6
30-624;6
30-626;6
30-627;6
30-628;6
30-629;6
30-630;6
30-631;6
30-632;6
30-638;6
30-639;6
30-641;6
30-643;6
30-644;6
30-645;6
30-646;6
30-647;6
30-649;6
30-650;6
30-651;6
30-652;6
30-653;6
30-654;6
30-655;6
30-656;6
30-657;6
30-658;6
30-659;6
30-660;6
30-662;6
30-663;6
30-664;6
30-665;6
30-667;6
30-668;6
30-669;6
30-670;6
30-681;6
30-683;6
30-684;6
30-685;6
30-686;6
30-688;6
30-689;6
30-690;6
30-692;6
30-693;6
30-694;6
30-695;6
30-697;6
30-698;6
30-699;6
30-701;6
30-702;6
30-703;6
30-704;6
30-705;6
30-706;6
30-707;6
30-709;6
30-710;6
30-711;6
30-712;6
30-713;6
30-714;6
30-715;6
30-716;6
30-717;6
30-718;6
30-719;6
30-720;6
30-721;6
30-722;6
30-723;6
30-724;6
30-725;6
30-726;6
30-727;6
30-728;6
30-729;6
30-730;6
30-731;6
30-732;6
30-733;6
30-734;6
30-735;6
30-736;6
30-737;6
30-738;6
30-739;6
30-740;6
30-741;6
30-758;6
30-798;6
30-799;6
30-800;6
30-802;6
30-803;6
30-804;6
30-805;6
30-806;6
30-807;6
30-808;6
30-809;6
30-810;6
30-811;6
30-812;6
30-813;6
30-814;6
30-815;6
30-816;6
30-817;6
30-818;6
30-819;6
30-820;6
30-821;6
30-822;6
30-823;6
30-824;6
30-825;6
30-826;6
30-827;6
30-828;6
30-829;6
30-830;6
30-833;6
30-834;6
30-835;6
30-836;6
30-837;6
30-838;6
30-851;6
30-852;6
30-853;6
30-854;6
30-855;6
30-856;6
30-857;6
30-858;6
30-860;6
30-863;6
30-864;6
30-865;6
30-867;6
30-868;6
30-870;6
30-898;6
30-899;6
30-900;6
30-901;6
30-902;6
30-940;6
30-942;6
30-950;6
30-951;6
30-952;6
30-953;6
30-954;6
30-955;6
30-956;6
30-960;6
30-961;6
30-962;6
31-000;6
31-001;6
31-002;6
31-003;6
31-004;6
31-005;6
31-006;6
31-007;6
31-008;6
31-009;6
31-010;6
31-011;6
31-012;6
31-013;6
31-014;6
31-015;6
31-016;6
31-017;6
31-018;6
31-019;6
31-020;6
31-021;6
31-022;6
31-023;6
31-024;6
31-025;6
31-026;6
31-027;6
31-028;6
31-029;6
31-030;6
31-031;6
31-032;6
31-033;6
31-034;6
31-035;6
31-036;6
31-037;6
31-038;6
31-039;6
31-041;6
31-042;6
31-043;6
31-044;6
31-045;6
31-046;6
31-047;6
31-048;6
31-049;6
31-050;6
31-051;6
31-052;6
31-053;6
31-054;6
31-055;6
31-056;6
31-057;6
31-058;6
31-059;6
31-060;6
31-061;6
31-062;6
31-063;6
31-064;6
31-065;6
31-066;6
31-067;6
31-068;6
31-069;6
31-070;6
31-071;6
31-072;6
31-073;6
31-075;6
31-080;6
31-100;6
31-101;6
31-102;6
31-103;6
31-104;6
31-105;6
31-106;6
31-107;6
31-108;6
31-109;6
31-110;6
31-111;6
31-112;6
31-113;6
31-114;6
31-115;6
31-116;6
31-117;6
31-118;6
31-120;6
31-121;6
31-123;6
31-124;6
31-126;6
31-127;6
31-128;6
31-130;6
31-131;6
31-132;6
31-133;6
31-134;6
31-135;6
31-136;6
31-137;6
31-138;6
31-139;6
31-140;6
31-141;6
31-142;6
31-143;6
31-144;6
31-145;6
31-146;6
31-147;6
31-148;6
31-149;6
31-150;6
31-151;6
31-152;6
31-153;6
31-154;6
31-155;6
31-156;6
31-157;6
31-158;6
31-159;6
31-160;6
31-161;6
31-162;6
31-200;6
31-201;6
31-202;6
31-203;6
31-207;6
31-209;6
31-210;6
31-212;6
31-213;6
31-214;6
31-215;6
31-216;6
31-217;6
31-218;6
31-220;6
31-221;6
31-222;6
31-223;6
31-224;6
31-225;6
31-226;6
31-227;6
31-228;6
31-229;6
31-230;6
31-231;6
31-232;6
31-233;6
31-234;6
31-235;6
31-236;6
31-241;6
31-242;6
31-261;6
31-262;6
31-263;6
31-264;6
31-265;6
31-266;6
31-267;6
31-268;6
31-269;6
31-270;6
31-271;6
31-272;6
31-273;6
31-274;6
31-275;6
31-276;6
31-277;6
31-278;6
31-279;6
31-280;6
31-300;6
31-301;6
31-302;6
31-303;6
31-305;6
31-306;6
31-307;6
31-308;6
31-309;6
31-310;6
31-311;6
31-312;6
31-313;6
31-314;6
31-315;6
31-316;6
31-317;6
31-318;6
31-319;6
31-320;6
31-321;6
31-322;6
31-323;6
31-324;6
31-325;6
31-326;6
31-327;6
31-328;6
31-329;6
31-330;6
31-331;6
31-332;6
31-333;6
31-334;6
31-335;6
31-336;6
31-337;6
31-338;6
31-339;6
31-340;6
31-341;6
31-342;6
31-343;6
31-344;6
31-345;6
31-346;6
31-347;6
31-348;6
31-349;6
31-350;6
31-351;6
31-352;6
31-353;6
31-354;6
31-355;6
31-357;6
31-358;6
31-398;6
31-401;6
31-402;6
31-403;6
31-404;6
31-406;6
31-408;6
31-409;6
31-410;6
31-411;6
31-413;6
31-414;6
31-416;6
31-417;6
31-418;6
31-419;6
31-420;6
31-421;6
31-422;6
31-423;6
31-424;6
31-425;6
31-426;6
31-428;6
31-429;6
31-431;6
31-432;6
31-435;6
31-436;6
31-443;6
31-444;6
31-445;6
31-446;6
31-450;6
31-452;6
31-455;6
31-456;6
31-457;6
31-460;6
31-461;6
31-462;6
31-463;6
31-464;6
31-465;6
31-466;6
31-467;6
31-469;6
31-470;6
31-471;6
31-474;6
31-475;6
31-476;6
31-477;6
31-478;6
31-479;6
31-480;6
31-481;6
31-482;6
31-500;6
31-501;6
31-502;6
31-503;6
31-504;6
31-505;6
31-506;6
31-507;6
31-508;6
31-509;6
31-510;6
31-511;6
31-512;6
31-513;6
31-514;6
31-515;6
31-516;6
31-517;6
31-518;6
31-519;6
31-520;6
31-521;6
31-523;6
31-524;6
31-525;6
31-526;6
31-527;6
31-529;6
31-530;6
31-531;6
31-532;6
31-534;6
31-535;6
31-536;6
31-537;6
31-538;6
31-539;6
31-540;6
31-541;6
31-542;6
31-543;6
31-545;6
31-546;6
31-547;6
31-548;6
31-550;6
31-552;6
31-553;6
31-557;6
31-559;6
31-560;6
31-563;6
31-564;6
31-566;6
31-567;6
31-571;6
31-572;6
31-573;6
31-574;6
31-579;6
31-580;6
31-581;6
31-586;6
31-587;6
31-588;6
31-589;6
31-603;6
31-604;6
31-605;6
31-606;6
31-607;6
31-608;6
31-609;6
31-610;6
31-611;6
31-612;6
31-615;6
31-616;6
31-617;6
31-618;6
31-619;6
31-620;6
31-621;6
31-622;6
31-623;6
31-624;6
31-625;6
31-626;6
31-628;6
31-630;6
31-634;6
31-635;6
31-636;6
31-637;6
31-638;6
31-640;6
31-643;6
31-644;6
31-651;6
31-670;6
31-701;6
31-702;6
31-703;6
31-704;6
31-705;6
31-706;6
31-707;6
31-708;6
31-709;6
31-710;6
31-711;6
31-712;6
31-721;6
31-722;6
31-723;6
31-724;6
31-725;6
31-726;6
31-727;6
31-750;6
31-751;6
31-752;6
31-753;6
31-754;6
31-761;6
31-762;6
31-763;6
31-764;6
31-765;6
31-766;6
31-767;6
31-768;6
31-800;6
31-801;6
31-802;6
31-803;6
31-804;6
31-807;6
31-808;6
31-809;6
31-810;6
31-812;6
31-813;6
31-814;6
31-815;6
31-816;6
31-818;6
31-819;6
31-820;6
31-825;6
31-826;6
31-827;6
31-828;6
31-829;6
31-831;6
31-832;6
31-833;6
31-834;6
31-835;6
31-836;6
31-837;6
31-839;6
31-840;6
31-841;6
31-842;6
31-843;6
31-844;6
31-845;6
31-850;6
31-851;6
31-852;6
31-853;6
31-854;6
31-855;6
31-858;6
31-859;6
31-860;6
31-861;6
31-862;6
31-863;6
31-864;6
31-865;6
31-866;6
31-867;6
31-868;6
31-869;6
31-870;6
31-871;6
31-872;6
31-873;6
31-874;6
31-875;6
31-876;6
31-880;6
31-881;6
31-901;6
31-902;6
31-903;6
31-905;6
31-906;6
31-907;6
31-908;6
31-909;6
31-910;6
31-911;6
31-912;6
31-913;6
31-914;6
31-915;6
31-916;6
31-917;6
31-918;6
31-919;6
31-920;6
31-921;6
31-922;6
31-923;6
31-924;6
31-925;6
31-926;6
31-927;6
31-928;6
31-929;6
31-930;6
31-931;6
31-932;6
31-933;6
31-934;6
31-935;6
31-936;6
31-937;6
31-938;6
31-939;6
31-940;6
31-941;6
31-942;6
31-943;6
31-944;6
31-945;6
31-946;6
31-947;6
31-948;6
31-949;6
31-950;6
31-951;6
31-952;6
31-953;6
31-954;6
31-955;6
31-956;6
31-957;6
31-958;6
31-959;6
31-960;6
31-961;6
31-962;6
31-963;6
31-964;6
31-965;6
31-966;6
31-967;6
31-968;6
31-969;6
31-970;6
31-971;6
31-972;6
31-974;6
31-975;6
31-976;6
31-977;6
31-978;6
31-979;6
31-980;6
31-982;6
31-983;6
31-985;6
31-987;6
31-988;6
31-989;6
31-990;6
31-992;6
31-997;6
31-998;6
31-999;6
32-002;6
32-003;6
32-005;6
32-007;6
32-010;6
32-013;6
32-014;6
32-015;6
32-020;6
32-031;6
32-040;6
32-043;6
32-045;6
32-046;6
32-047;6
32-048;6
32-049;6
32-050;6
32-051;6
32-052;6
32-053;6
32-060;6
32-061;6
32-064;6
32-065;6
32-067;6
32-070;6
32-071;6
32-075;6
32-077;6
32-080;6
32-082;6
32-083;6
32-084;6
32-085;6
32-086;6
32-087;6
32-088;6
32-089;6
32-090;6
32-091;6
32-095;6
32-100;6
32-104;6
32-107;6
32-109;6
32-112;6
32-120;6
32-125;6
32-126;6
32-130;6
32-200;6
32-210;6
32-218;6
32-222;6
32-241;6
32-250;6
32-300;6
32-305;6
32-310;6
32-312;6
32-327;6
32-329;6
32-332;6
32-340;6
32-353;6
32-400;6
32-406;6
32-410;6
32-412;6
32-413;6
32-414;6
32-415;6
32-420;6
32-422;6
32-425;6
32-431;6
32-432;6
32-433;6
32-434;6
32-435;6
32-436;6
32-437;6
32-438;6
32-440;6
32-442;6
32-444;6
32-445;6
32-447;6
32-500;6
32-501;6
32-502;6
32-503;6
32-530;6
32-540;6
32-541;6
32-543;6
32-545;6
32-546;6
32-551;6
32-552;6
32-566;6
32-590;6
32-593;6
32-600;6
32-601;6
32-602;6
32-603;6
32-606;6
32-607;6
32-608;6
32-610;6
32-615;6
32-620;6
32-621;6
32-622;6
32-625;6
32-626;6
32-640;6
32-641;6
32-642;6
32-650;6
32-651;6
32-652;6
32-653;6
32-660;6
32-661;6
32-700;6
32-701;6
32-708;6
32-709;6
32-711;6
32-712;6
32-720;6
32-722;6
32-724;6
32-725;6
32-731;6
32-732;6
32-733;6
32-740;6
32-741;6
32-742;6
32-744;6
32-765;6
32-800;6
32-810;6
32-813;6
32-820;6
32-821;6
32-822;6
32-823;6
32-824;6
32-825;6
32-828;6
32-830;6
32-831;6
32-840;6
32-842;6
32-851;6
32-852;6
32-853;6
32-854;6
32-859;6
32-860;6
32-861;6
32-862;6
32-863;6
32-864;6
32-865;6
33-100;5
33-101;5
33-102;5
33-103;5
33-104;5
33-105;5
33-106;5
33-110;5
33-111;5
33-112;5
33-113;5
33-114;5
33-115;5
33-121;5
33-122;5
33-130;5
33-131;5
33-132;5
33-133;5
33-140;5
33-150;5
33-151;5
33-152;5
33-156;5
33-158;5
33-159;5
33-160;5
33-161;5
33-162;5
33-163;5
33-164;5
33-167;5
33-170;5
33-171;5
33-172;5
33-173;5
33-180;5
33-181;5
33-182;5
33-190;5
33-191;5
33-192;5
33-200;5
33-202;5
33-203;5
33-205;5
33-206;5
33-207;5
33-210;5
33-220;5
33-221;5
33-230;5
33-240;5
33-250;5
33-260;5
33-263;5
33-264;5
33-270;5
33-271;5
33-273;5
33-300;5
33-302;5
33-303;5
33-304;5
33-305;5
33-306;5
33-310;5
33-311;5
33-312;5
33-314;5
33-316;5
33-318;5
33-320;5
33-321;5
33-322;5
33-323;5
33-325;5
33-326;5
33-330;5
33-331;5
33-332;5
33-333;5
33-334;5
33-335;5
33-336;5
33-340;5
33-342;5
33-343;5
33-350;5
33-351;5
33-360;5
33-370;5
33-380;5
33-383;5
33-386;5
33-388;5
33-389;5
33-390;5
33-393;5
33-394;5
33-395;5
34-100;5
34-103;5
34-104;5
34-105;5
34-106;5
34-108;5
34-113;5
34-114;5
34-115;5
34-116;5
34-120;5
34-122;5
34-123;5
34-124;5
34-125;5
34-130;5
34-141;5
34-142;5
34-143;5
34-144;5
34-145;5
34-146;5
34-200;5
34-205;5
34-206;5
34-210;5
34-211;5
34-212;5
34-220;5
34-221;5
34-222;5
34-231;5
34-232;5
34-233;5
34-234;5
34-235;5
34-236;5
34-240;5
34-242;5
34-300;5
34-310;5
34-311;5
34-312;5
34-321;5
34-322;5
34-323;5
34-324;5
34-325;5
34-326;5
34-330;5
34-331;5
34-332;5
34-335;5
34-340;5
34-350;5
34-360;5
34-370;5
34-371;5
34-373;5
34-381;5
34-382;5
34-383;5
34-400;5
34-401;5
34-402;5
34-403;5
34-404;5
34-405;5
34-406;5
34-407;5
34-408;5
34-424;5
34-425;5
34-431;5
34-432;5
34-433;5
34-434;5
34-435;5
34-436;5
34-440;5
34-441;5
34-442;5
34-443;5
34-450;5
34-451;5
34-452;5
34-453;5
34-460;5
34-470;5
34-471;5
34-472;5
34-480;5
34-481;5
34-482;5
34-483;5
34-484;5
34-500;5
34-501;5
34-502;5
34-503;5
34-505;5
34-511;5
34-512;5
34-513;5
34-514;5
34-520;5
34-521;5
34-530;5
34-531;5
34-532;5
34-600;5
34-601;5
34-602;5
34-603;5
34-604;5
34-606;5
34-607;5
34-608;5
34-615;5
34-617;5
34-620;5
34-623;5
34-625;5
34-642;5
34-643;5
34-650;5
34-651;5
34-652;5
34-654;5
34-700;5
34-713;5
34-720;5
34-721;5
34-722;5
34-723;5
34-730;5
34-732;5
34-733;5
34-734;5
34-735;5
34-736;5
34-741;5
34-745;5
35-001;8
35-002;8
35-005;8
35-006;8
35-010;8
35-011;8
35-015;8
35-016;8
35-017;8
35-020;8
35-021;8
35-025;8
35-026;8
35-030;8
35-031;8
35-032;8
35-033;8
35-036;8
35-037;8
35-038;8
35-040;8
35-042;8
35-045;8
35-046;8
35-047;8
35-050;8
35-051;8
35-055;8
35-056;8
35-060;8
35-061;8
35-064;8
35-065;8
35-068;8
35-069;8
35-070;8
35-073;8
35-074;8
35-075;8
35-077;8
35-078;8
35-079;8
35-080;8
35-082;8
35-083;8
35-084;8
35-086;8
35-100;8
35-101;8
35-102;8
35-103;8
35-104;8
35-105;8
35-107;8
35-111;8
35-112;8
35-113;8
35-114;8
35-115;8
35-116;8
35-117;8
35-118;8
35-119;8
35-120;8
35-122;8
35-123;8
35-124;8
35-125;8
35-201;8
35-202;8
35-203;8
35-205;8
35-206;8
35-207;8
35-208;8
35-209;8
35-210;8
35-211;8
35-213;8
35-215;8
35-216;8
35-222;8
35-223;8
35-224;8
35-225;8
35-230;8
35-231;8
35-232;8
35-233;8
35-234;8
35-235;8
35-241;8
35-242;8
35-300;8
35-301;8
35-302;8
35-303;8
35-304;8
35-305;8
35-306;8
35-307;8
35-308;8
35-309;8
35-310;8
35-311;8
35-312;8
35-313;8
35-314;8
35-315;8
35-316;8
35-320;8
35-321;8
35-322;8
35-323;8
35-324;8
35-326;8
35-327;8
35-328;8
35-329;8
35-330;8
35-332;8
35-333;8
35-404;8
35-410;8
35-501;8
35-502;8
35-503;8
35-504;8
35-505;8
35-506;8
35-507;8
35-508;8
35-509;8
35-510;8
35-511;8
35-512;8
35-513;8
35-515;8
35-601;8
35-602;8
35-603;8
35-604;8
35-605;8
35-606;8
35-607;8
35-608;8
35-609;8
35-610;8
35-611;8
35-612;8
35-614;8
35-615;8
35-616;8
35-617;8
35-620;8
35-622;8
35-623;8
35-624;8
35-625;8
35-626;8
35-627;8
35-628;8
35-629;8
35-630;8
35-749;8
35-900;8
35-959;8
36-001;8
36-002;8
36-003;8
36-004;8
36-007;8
36-016;8
36-017;8
36-020;8
36-021;8
36-024;8
36-025;8
36-030;8
36-032;8
36-034;8
36-040;8
36-041;8
36-042;8
36-043;8
36-046;8
36-047;8
36-050;8
36-051;8
36-052;8
36-053;8
36-054;8
36-055;8
36-060;8
36-061;8
36-062;8
36-065;8
36-067;8
36-068;8
36-069;8
36-071;8
36-072;8
36-073;8
36-100;8
36-105;8
36-106;8
36-107;8
36-110;8
36-121;8
36-122;8
36-123;8
36-125;8
36-130;8
36-145;8
36-147;8
36-200;8
36-203;8
36-204;8
36-205;8
36-206;8
36-207;8
36-211;8
36-212;8
36-213;8
36-220;8
36-221;8
36-230;8
36-231;8
36-233;8
36-244;8
36-245;8
37-100;8
37-110;8
37-111;8
37-112;8
37-114;8
37-120;8
37-121;8
37-122;8
37-123;8
37-124;8
37-125;8
37-126;8
37-127;8
37-200;8
37-203;8
37-204;8
37-205;8
37-206;8
37-207;8
37-210;8
37-220;8
37-222;8
37-224;8
37-230;8
37-232;8
37-240;8
37-300;8
37-303;8
37-304;8
37-305;8
37-306;8
37-307;8
37-310;8
37-311;8
37-312;8
37-400;8
37-403;8
37-405;8
37-410;8
37-413;8
37-414;8
37-415;8
37-416;8
37-418;8
37-420;8
37-430;8
37-433;8
37-450;8
37-455;8
37-462;8
37-463;8
37-464;8
37-465;8
37-467;8
37-470;8
37-500;8
37-501;8
37-504;8
37-505;8
37-511;8
37-514;8
37-522;8
37-523;8
37-530;8
37-534;8
37-543;8
37-544;8
37-550;8
37-552;8
37-554;8
37-555;8
37-560;8
37-561;8
37-562;8
37-565;8
37-600;8
37-610;8
37-611;8
37-612;8
37-613;8
37-614;8
37-620;8
37-621;8
37-625;8
37-626;8
37-627;8
37-630;8
37-631;8
37-632;8
37-700;8
37-701;8
37-702;8
37-703;8
37-704;8
37-705;8
37-706;8
37-710;8
37-712;8
37-713;8
37-716;8
37-717;8
37-720;8
37-722;8
37-723;8
37-724;8
37-732;8
37-733;8
37-734;8
37-740;8
37-741;8
37-742;8
37-743;8
37-749;8
37-750;8
37-751;8
37-752;8
37-754;8
37-755;8
38-100;8
38-102;8
38-111;8
38-112;8
38-114;8
38-115;8
38-116;8
38-120;8
38-121;8
38-123;8
38-124;8
38-125;8
38-126;8
38-130;8
38-131;8
38-200;8
38-201;8
38-203;8
38-204;8
38-207;8
38-211;8
38-212;8
38-213;8
38-214;8
38-220;8
38-222;8
38-223;8
38-230;8
38-232;8
38-241;8
38-242;8
38-243;8
38-244;8
38-245;8
38-246;8
38-247;8
38-300;8
38-302;8
38-303;8
38-304;8
38-305;8
38-306;8
38-307;8
38-311;8
38-312;8
38-313;8
38-314;8
38-315;8
38-316;8
38-320;8
38-321;8
38-322;8
38-323;8
38-324;8
38-331;8
38-333;8
38-340;8
38-350;8
38-400;8
38-401;8
38-402;8
38-404;8
38-406;8
38-407;8
38-408;8
38-409;8
38-410;8
38-411;8
38-420;8
38-421;8
38-422;8
38-430;8
38-440;8
38-441;8
38-450;8
38-455;8
38-456;8
38-457;8
38-458;8
38-459;8
38-460;8
38-462;8
38-471;8
38-472;8
38-473;8
38-480;8
38-481;8
38-482;8
38-483;8
38-485;8
38-500;8
38-501;8
38-503;8
38-504;8
38-505;8
38-506;8
38-507;8
38-512;8
38-516;8
38-524;8
38-530;8
38-533;8
38-535;8
38-540;8
38-542;8
38-543;8
38-600;8
38-604;8
38-606;8
38-607;8
38-608;8
38-610;8
38-700;8
38-709;8
38-710;8
38-711;8
38-712;8
38-713;8
38-714;8
38-715;8
38-722;8
38-749;8
39-100;7
39-102;7
39-103;7
39-104;7
39-105;7
39-106;7
39-107;7
39-110;7
39-111;7
39-120;7
39-122;7
39-123;7
39-124;7
39-126;7
39-127;7
39-200;7
39-201;7
39-203;7
39-204;7
39-205;7
39-206;7
39-207;7
39-209;7
39-210;7
39-215;7
39-216;7
39-217;7
39-218;7
39-220;7
39-221;7
39-223;7
39-225;7
39-230;7
39-231;7
39-232;7
39-300;7
39-301;7
39-302;7
39-303;7
39-304;7
39-305;7
39-306;7
39-307;7
39-308;7
39-310;7
39-311;7
39-312;7
39-315;7
39-320;7
39-321;7
39-322;7
39-323;7
39-331;7
39-332;7
39-333;7
39-340;7
39-400;7
39-401;7
39-402;7
39-403;7
39-405;7
39-407;7
39-410;7
39-432;7
39-434;7
39-441;7
39-442;7
39-450;7
39-451;7
39-460;7
